"title","url","date"
"French cop's chilling threat before 'executing' teen: Young man who claims he was a passenger in the car when horror shooting unfolded vows to 'establish the truth' as victim's funeral begins and France continues to be gripped by riots","https://www.dailymail.co.uk/news/article-12253703/France-prepares-violence-funeral-begins-17-year-old-boy-shot-dead-officer.html","2023-07-01"
"Britain's strictest headteacher says Labour's Jess Phillips is 'racist and bullying' for firing up 'vicious mob attack' on her in extraordinary Twitter storm sparked by the death of Tina Turner","https://www.dailymail.co.uk/news/article-12253857/Britains-strictest-headteacher-says-Labours-Jess-Phillips-racist-bullying.html","2023-07-01"
"How to make a super sandwich: A new generation of boffin bakers is reinventing the humble sarnie - these are some of their secrets","https://www.dailymail.co.uk/femail/article-12241569/A-new-generation-boffin-bakers-reinventing-sarnie-secrets.html","2023-07-01"
"Dutch driver Dilano Van 'T Hoff, 18, dies in racing car crash in Belgium at the Formula Regional European Championship - as two-time F1 world champion Max Verstappen leads tributes","https://www.dailymail.co.uk/sport/formulaone/article-12253921/Dutch-driver-Dilano-Van-T-Hoff-18-dies-racing-car-crash-Spa-Francorchamps-Belgium.html","2023-07-01"
"Revealed: The UK cities where men and women have had the most sexual partners... so just how promiscuous are the people living near you?","https://www.dailymail.co.uk/femail/article-12242485/These-cities-men-women-having-SEX-does-home-feature.html","2023-07-01"
"How Spain could DESTROY Gibraltar's economy if far-right Vox party carry out their threats to close border with British territory if they are voted into power in July 23 election as feared","https://www.dailymail.co.uk/news/article-12242997/How-Spain-DESTROY-Gibraltars-economy-far-right-Vox-party-carry-threats.html","2023-07-01"
"Flight attendant reveals the question passengers should ask if they want a free upgrade to first class - and claims it has a 99% success rate","https://www.dailymail.co.uk/travel/article-12234037/Air-hostess-reveals-question-ask-free-class-upgrade-99-success-rate.html","2023-07-01"
"Like father, like son! Prince George, 9, is the spitting image of Prince William as the duo watch England take on Australia at the Ashes at Lord's","https://www.dailymail.co.uk/femail/article-12254103/Prince-George-joins-Prince-William-watch-England-Australia-Ashes-Lords.html","2023-07-01"
"LIVE England vs Australia - Ashes LIVE: Hosts' short-ball barrage continues to work after lunch as Cameron Green and Alex Carey are dismissed - as tourists look to take their second innings lead beyond 350 with three wickets in hand","https://www.dailymail.co.uk/sport/live/article-12251585/England-vs-Australia-Ashes-LIVE-Scorecard-second-Test-updates-Day-Four-Lords.html","2023-07-01"
"Dutch king Willem-Alexander apologises for Netherlands' role in the slave trade in move that will pile pressure on King Charles to do the same","https://www.dailymail.co.uk/news/article-12254057/Dutch-king-Willem-Alexander-apologises-Netherlands-role-slave-trade.html","2023-07-01"
"Being a plumber... how hard can it be? This is what happened when KATIE GLASS joined the ranks of women learning to fix pipes and cisterns themselves","https://www.dailymail.co.uk/femail/article-12241571/Find-happened-KATIE-GLASS-joined-ranks-women-learning-fix-pipes-cisterns.html","2023-07-01"
"'Rowan Atkinson may have fallen out of love with electric cars… but I don't think the British public has,' says EV expert FIONA HOWARTH","https://www.dailymail.co.uk/money/electriccars/article-12251741/FIONA-HOWARTH-says-Britain-fallen-love-EVs.html?ico=mol_desktop_home","2023-07-01"
"Just Stop Oil protesters halt Pride parade: Police arrest seven as demonstrators block road after taking organisers to task over sponsors they say are 'polluting the planet'","https://www.dailymail.co.uk/news/article-12253953/More-million-streets-celebrate-Londons-2023-Pride-Parade.html","2023-07-01"
"Found: The BEST 20 early Amazon Prime Day deals to shop this weekend - save up to 60% off fans, Cosori air fryers, Shark vacuums, bedding and more","https://www.dailymail.co.uk/femail/article-12233911/best-early-Prime-Day-deals.html?ico=mail_best_commerce_xp_desktop","2023-07-01"
"Don't miss out on the eBay holiday shop sale! Get 70% off the season's HOTTEST designers - including Gucci, Dolce & Gabbana, Jimmy Choo, Victoria Beckham and more","https://www.dailymail.co.uk/femail/article-12237657/eBay-Holiday-Shop-Sale-70-seasons-hottest-designers.html?ico=mail_best_commerce_xp_desktop","2023-07-01"
"Football's first transgender referee opens up on how the sport saved her life and admits without it 'I wonder whether I'd actually be here'... as she recalls fear she wouldn't be accepted after making transition public","https://www.dailymail.co.uk/sport/football/article-12253741/Footballs-transgender-referee-opens-sport-saved-life.html","2023-07-01"
"Andrew Tate was 'constantly trying to impress' girls with flash cars and alcohol when he was a teen to make up for fact he had no friends in school, says Love Island star Malin Andersson","https://www.dailymail.co.uk/news/article-12254071/Love-Island-star-Malin-Andersson-says-Andrew-Tate-constantly-trying-impress-girls.html","2023-07-01"
"Britain's CHEAPEST Wetherspoons: Interactive UK map reveals pub chain's lowest-priced drinks - after boss Tim Martin warned Brits will face £10 pints","https://www.dailymail.co.uk/femail/article-12222501/Interactive-map-reveals-pubs-lowest-priced-booze-amid-claims-Brits-soon-face-10-pint.html","2023-07-01"
"Steward who tackled Just Stop Oil clowns as they invaded Ashes cricket match turns incident into 'best LinkedIn post ever' - and wins dozens of new fans","https://www.dailymail.co.uk/news/article-12253821/Steward-tackled-Just-Stop-Oil-protesters-cricket-match-makes-best-LinkedIn-post-ever.html","2023-07-01"
"What it feels like to go blind: SELINA MILLS says losing her sight wasn't the 'desperate' situation many people imagine... and reveals whether it really does make for better sex","https://www.dailymail.co.uk/femail/article-12241577/SELINA-MILLS-says-losing-sight-wasnt-desperate-situation-people-imagine.html","2023-07-01"
"'Life after cancer can be filled with hope': For Rosamund Dean, navigating her way through gruelling treatment has proved easier than adjusting to recuperation - but she's finding ways to embrace a brighter future","https://www.dailymail.co.uk/femail/article-12241581/For-Rosamund-Dean-getting-gruelling-cancer-treatment-proved-easier-recuperation.html","2023-07-01"
"Body of girl, two, is found at house in Ipswich: Man and woman, both 22, are arrested on suspicion of murder","https://www.dailymail.co.uk/news/article-12254095/Body-two-year-old-girl-home-man-woman-arrested-murder.html","2023-07-01"
"Coronation Street star Sam Aston's wife Briony reveals she has suffered a second heartbreaking miscarriage","https://www.dailymail.co.uk/tvshowbiz/article-12253935/Sam-Astons-wife-Briony-reveals-shes-suffered-heartbreaking-miscarriage.html","2023-07-01"
"Stealing from Pompeii, skinny dipping in ancient fountains and carving initials on the Colosseum: How idiotic tourists have enraged Italians by desecrating their treasured historical sites","https://www.dailymail.co.uk/news/article-12239069/Idiotic-tourists-enrage-Italians-desecrating-treasured-ancient-sites.html","2023-07-01"
"Two children and a woman in her 30s die in flat fire as man in his 30s who escaped fights for his life in hospital","https://www.dailymail.co.uk/news/article-12253817/Boy-girl-woman-die-flat-fire-man-30s-escaped-fights-life-hospital.html","2023-07-01"
"AGELESS STYLE: The key to success in swimsuit shopping and the best brands for confidence-boosting cuts are revealed by stylist ARABELLA GREENHILL","https://www.dailymail.co.uk/femail/article-12241555/The-key-success-swimsuit-shopping-best-brands-confidence-boosting-cuts.html","2023-07-01"
"I tried to use medieval laws to get out of a speeding fine… it DIDN'T work","https://www.dailymail.co.uk/money/cars/article-12245961/Man-tried-sue-police-210million-terrorism-charges-using-medieval-laws-speeding-battle.html?ico=mol_desktop_home","2023-07-01"
"Police arrest three Animal Rising activists before £175,000 greyhound racing final that group vowed to disrupt","https://www.dailymail.co.uk/news/article-12254037/Police-arrest-three-Animal-Rising-activists-175K-greyhound-racing-final.html","2023-07-01"
"Terrifying moment American XL bully dog charges at police officers after being unleashed by owner who they were trying to arrest","https://www.dailymail.co.uk/news/article-12253769/Terrifying-moment-American-XL-bully-dog-charges-police-officers.html","2023-07-01"
"Your horoscopes: Is this your week for a relationship under pressure or are you destined for a win?","https://www.dailymail.co.uk/femail/article-12241587/Your-horoscopes-week-relationship-pressure-destined-win.html","2023-07-01"
"Driver warning over easy windscreen washer error that could end up costing you THOUSANDS","https://www.dailymail.co.uk/money/cars/article-12237571/Driver-warning-easy-windscreen-washer-error-end-costing-THOUSANDS.html?ico=mol_desktop_home","2023-07-01"
"David Brent's NEW Office: Ricky Gervis plans extension on his £3million rural mansion to add extra bedroom to riverside retreat","https://www.dailymail.co.uk/property/article-12251285/David-Brents-NEW-Office-Ricky-Gervis-plans-extension-3million-rural-mansion.html","2023-07-01"
"Footballers' business ideas that Gary Neville WOULDN'T invest in on Dragons' Den: From Heskey's doomed restaurant, Friedel's £20,000-a-year academy and financial advisers backed by Rooney and Ferdinand...","https://www.dailymail.co.uk/sport/football/article-12242725/Footballers-business-ideas-Gary-Neville-WOULDNT-invest-Dragons-Den.html","2023-07-01"
"Meghan and Harry 'believe they have been ""repeatedly unlucky"" and blame Covid, economic woes, the death of the Queen and the failing of Prince Philip's health for their faltering attempts to launch post-royal careers'","https://www.dailymail.co.uk/news/royals/article-12253755/Meghan-Harry-believe-repeatedly-unlucky-amid-flagging-fortunes.html","2023-07-01"
"It was KATE who insisted 'recollections may vary' line must stay in royal family's fightback statement after Harry and Meghan's Oprah 'racism' storm, new book claims: 'Princess said history would judge The Firm over its response to TV allegations'","https://www.dailymail.co.uk/news/article-12252631/Fighting-Princess-Kate-hit-Harry-Meghans-explosive-Oprah-interview.html","2023-07-01"
"ALISON BOSHOFF: Just as Meghan hires a Hollywood powerbroker to boost her career, Harry's work sees him returning to his campaigning roots... So is the Prince tiring of his wife's showbiz world?","https://www.dailymail.co.uk/tvshowbiz/article-12252611/ALISON-BOSHOFF-Harry-returning-campaigning-tiring-Meghans-showbiz-world.html","2023-07-01"
"Kate 'is playing the long game' and is always aware that 'I am going to be Queen one day': New revelations show she is the REAL steely operator in the Palace, sources say","https://www.dailymail.co.uk/news/royals/article-12253683/Kate-playing-long-game-aware-going-Queen-one-day.html","2023-07-01"
"BORIS JOHNSON: We must take radical action to get Rwanda done! Britain has a proud history of giving sanctuary to those in fear of their lives... but we can't allow the traffickers to keep mocking our immigration system","https://www.dailymail.co.uk/news/article-12251359/BORIS-JOHNSON-radical-action-Rwanda-done.html","2023-07-01"
"JANET STREET-PORTER: The terrifying moment I was verbally abused by a stranger in a car during my seaside walk and why - like Daisy Goodwin - I must speak out to help fight the scourge of threats to women","https://www.dailymail.co.uk/columnists/article-12251003/JANET-STREET-PORTER-verbally-abused-stranger-like-Daisy-Goodwin-speak-out.html","2023-07-01"
"Will a woke obsession with diversity sink the RNLI? Some have called it a migrant 'taxi service', now SUE REID investigates how the lifeboat charity is mired in a toxic culture clash","https://www.dailymail.co.uk/news/article-12252423/Will-woke-obsession-diversity-sink-RNLI-SUE-REID-investigates-lifeboat-charitY.html","2023-07-01"
"The TEN key questions surrounding Madeleine McCann prime suspect Christian Brueckner... who still denies any part in her 2007 disappearance","https://www.dailymail.co.uk/news/article-12251993/TEN-key-questions-surrounding-Madeleine-McCann-suspect-Christian-Brueckner.html","2023-07-01"
"I locked up some of Britain's most dangerous crooks - but desktop cops and woke policing are making our streets a haven for gangs","https://www.dailymail.co.uk/news/article-12237683/I-locked-Britains-dangerous-crooks-heres-gangs-taking-over.html","2023-07-01"
"'This is why I kiss everybody!' Joanna Lumley reveals she suffers from face blindness and struggles to recognise people she knows","https://www.dailymail.co.uk/tvshowbiz/article-12253969/Joanna-Lumley-reveals-suffers-face-blindness-struggles-recognise-people-knows.html","2023-07-01"
"The Dragons' Den Rich List: Which of the 19 entrepreneurs has the biggest fortune... and how do they compare to BBC show's newest star Gary Neville?","https://www.dailymail.co.uk/femail/article-12243029/The-Dragons-Den-Rich-List-19-entrepreneurs-biggest-fortune.html","2023-07-01"
"What happened to the iconic cars of the 80s and 90s? From the Ford Fiesta set to run out of road to the Fiat Panda back in vogue today","https://www.dailymail.co.uk/money/cars/article-12250553/What-happened-iconic-cars-80s-90s.html?ico=mol_desktop_home","2023-07-01"
"Why you must take a meter reading today: Customers should record gas and energy usage to avoid being overcharged as new prices come into force that should save households £426 a year","https://www.thisismoney.co.uk/money/article-12253291/People-told-read-meters-energy-prices-fall.html?ico=mol_desktop_home-newtab&molReferrerUrl=https%3A%2F%2Fwww.dailymail.co.uk%2Fhome%2Findex.html","2023-07-01"
"The bikini ban: Brits warned they could be fined hundreds or sent to JAIL for daring to bare in these holiday hotspots","https://www.dailymail.co.uk/travel/article-12238161/Brits-warned-fined-JAILED-wearing-bikini-holiday-locations.html","2023-07-01"
"Everyone's talking about: Smart sex","https://www.dailymail.co.uk/femail/article-12250493/Everyones-talking-Smart-sex.html","2023-07-01"
"Chic List: My voyage back to the 70s","https://www.dailymail.co.uk/femail/article-12241539/Chic-List-voyage-70s.html","2023-07-01"
"Liz Jones's Diary: In which I view a not-so-des res","https://www.dailymail.co.uk/femail/article-12241597/Liz-Joness-Diary-view-not-des-res.html","2023-07-01"
"Caroline West-Meads: My friend had a terrible childhood","https://www.dailymail.co.uk/femail/article-12241595/Caroline-West-Meads-friend-terrible-childhood.html","2023-07-01"
"Matching clothes, Beckingham Palace, four kids, THAT 'affair' and more: As David and Victoria Beckham's 24th wedding anniversary looms, a look at love they were told 'would never last'","https://www.dailymail.co.uk/tvshowbiz/article-12246971/As-David-Victoria-Beckhams-24th-wedding-anniversary-looms-look-romance.html","2023-07-01"
"He pursued female sex crime victims, took cocaine and went to orgies. So how did this senior Met detective keep his job on full pay for SEVEN years, as well as his pension?","https://www.dailymail.co.uk/news/article-12252171/Why-did-seven-years-sack-drug-taking-orgy-loving-Met-detective-elite-rape-squad.html","2023-07-01"
"Pregnant nurse, 28, bled to death at home more than four hours after calling for an ambulance, inquest hears","https://www.dailymail.co.uk/news/article-12253773/Pregnant-nurse-bled-death-four-hours-calling-ambulance-inquest-hears.html","2023-07-01"
"The bottles of wine that are worth more than gold: Collectable wines are outstripping other investments - these are the best bottles worth up to $264,000 each","https://www.dailymail.co.uk/femail/article-12241579/Collectable-wines-outstripping-investments-best-bottles-worth-264k.html","2023-07-01"
"The psychiatrist's view on the world's greatest courtroom escapes: Expert explains the split-second decisions behind a criminal's break for freedom","https://www.dailymail.co.uk/news/article-12242853/The-psychiatrists-view-worlds-greatest-courtroom-escapes.html","2023-07-01"
"Family in desperate bid to raise £60,000 to fly 'amazing' bar worker, 22, back to UK from Cyprus hospital where she is in coma after suffering serious head injuries and broken spine in Ayia Napa buggy crash","https://www.dailymail.co.uk/news/article-12254019/Family-bid-fly-22-year-old-UK-Cyprus-coma-Ayia-Napa-crash.html","2023-07-01"
"Urgent warning for Android users over apps that steal your bank details","https://www.dailymail.co.uk/sciencetech/article-12239235/Urgent-warning-Android-users-apps-steal-bank-details.html","2023-07-01"
"Green-fingered expert reveals the EXACT time of day you should avoid doing your gardening","https://www.dailymail.co.uk/femail/article-12238871/Im-green-fingered-expert-EXACT-time-day-avoid-doing-gardening.html","2023-07-01"
"Auf Wiedersehen Brit! Drunk Germans take the title of WORST tourists from boozy British holidaymakers in Majorca","https://www.dailymail.co.uk/news/article-12250883/Drunk-Germans-WORSE-boozy-Brits-say-Majorca-locals.html","2023-07-01"
"Amazon Prime users could be have to watch ads despite paying monthly fee","https://www.dailymail.co.uk/sciencetech/article-12234229/Amazon-Prime-users-watch-ads-despite-paying-monthly-fee.html","2023-07-01"
"My face doubled in size from 'sun poisoning' - I looked like Lenny from Shark Tale","https://www.dailymail.co.uk/health/article-12243455/My-face-doubled-size-sun-poisoning-looked-like-Lenny-Shark-Tale.html","2023-07-01"
"Guy Gibson's goddaughter Lynne Cox becomes first relative of Dambusters heroes to speak out against plans to turn their historic RAF Scampton base into a centre for 2,000 asylum seekers","https://www.dailymail.co.uk/news/article-12253781/First-relative-Dambusters-heroes-speaks-against-plan-turn-historic-base-asylum-centre.html","2023-07-01"
"Emirates flight is grounded with smoke pouring from its rear moments before take off","https://www.dailymail.co.uk/news/article-12253831/Emirates-flight-grounded-smoke-pouring-Russia-Dubai.html","2023-07-01"
"Staycation doppelgangers! Forget flying abroad - these stunning UK destinations and landmarks look VERY similar to foreign holiday hotspots, from Birmingham to Cornwall","https://www.dailymail.co.uk/travel/article-12173661/Staycation-doppelgangers-UK-destinations-look-similar-foreign-holiday-hotspots.html","2023-07-01"
"The Elizabeth Line gravy train: How property prices have soared by up to 14% near some Crossrail stations… but values have dropped by 17% in others","https://www.dailymail.co.uk/property/article-12246285/Has-Elizabeth-Line-led-booming-property-prices.html","2023-07-01"
"Ellie Goulding attempted to keep relationship troubles with husband Caspar Jopling secret for the sake of their son Arthur after living separate lives for six months, friends reveal","https://www.dailymail.co.uk/tvshowbiz/article-12252083/Ellie-Goulding-attempted-troubles-husband-Caspar-Joplin-secret.html","2023-07-01"
"Is the veganism hype over? How sales of fake meat brands are dwindling across the UK with chains like Pret rolling back meat-free products and dozens of independent plant-based restaurants shutting down","https://www.dailymail.co.uk/femail/article-12237675/Brits-abandoning-veganism-brands-dwindling-country.html","2023-07-01"
"The High Street iced coffees laced with more sugar than a Mars bar or can of Coke: Is your favourite going to leave a nasty taste?","https://www.dailymail.co.uk/news/article-12253113/High-street-chains-selling-iced-coffees-laced-sugar-Mars-bar-Coke.html","2023-07-01"
"Pictured: Boy, 17, who was pulled from canal with fatal stab wounds as teens aged 14, 15 and 17 are arrested for his murder","https://www.dailymail.co.uk/news/article-12253611/Pictured-Boy-17-pulled-canal-fatal-stab-wounds.html","2023-07-01"
"Boyfriend admits stabbing 19-year-old student to death in her university accommodation but will not face trial for her murder","https://www.dailymail.co.uk/news/article-12253619/Boyfriend-admits-stabbing-student-19-death-not-face-trial-murder.html","2023-07-01"
"Inside the brutal world of far-right football 'ultras': Shocking photos lift the lid on the extreme Dinamo Tbilisi 'Elita' whose code of violence is second to none","https://www.dailymail.co.uk/sport/football/article-12250109/Inside-brutal-world-far-right-football-ultras.html","2023-07-01"
"Jesy Nelson announces she is taking an extended break from showbusiness and reveals huge future plans","https://www.dailymail.co.uk/tvshowbiz/jesy-nelson/article-12253657/Jesy-Nelson-announces-taking-long-break-showbusiness-reveals-huge-future-plans.html","2023-07-01"
"Jailed fantasist who attacked herself with a hammer to back up her lies that she had been raped and trafficked by Asian grooming gang received £55,000 of taxpayer cash","https://www.dailymail.co.uk/news/article-12251615/Jailed-fantasist-lied-raped-trafficked-Asian-gang-got-55-000-taxpayer-cash.html","2023-07-01"
"'I couldn't have been more upset!' Sarah Jessica Parker discusses Kim Cattrall's return as Samantha Jones in And Just Like That... and reveals candid new details about shock cameo","https://www.dailymail.co.uk/tvshowbiz/article-12252855/Sarah-Jessica-Parker-discusses-Kim-Cattralls-return-Samantha-Jones-Just-Like-That.html","2023-07-01"
"Want to get a body like Tess Daley? Femail brings you top work-out tips from her personal trainer to help you beat the bulge post 40","https://www.dailymail.co.uk/femail/article-12227157/Want-body-like-Tess-Daly.html","2023-07-01"
"Want a body like Kate's? I'm a personal trainer and here are the workouts you need to do to get a toned figure like the Princess of Wales (and you might be surprised)","https://www.dailymail.co.uk/femail/article-12238625/Im-personal-trainer-workouts-need-body-like-Kate-Middleton.html","2023-07-01"
"'It's relentless…we miss him every single day': Tom Parker's widow Kelsey says their young children still make Father's Day cards one year after his death at age 33 from brain cancer","https://www.dailymail.co.uk/tvshowbiz/article-12253187/Tom-Parkers-widow-Kelsey-says-young-children-make-Fathers-Day-cards.html","2023-07-01"
"Clarkson's Farm star Kaleb Cooper applies to council for permission to stay on his caravan plot so he can care for his pigs, chicken and calves","https://www.dailymail.co.uk/tvshowbiz/article-12253637/Clarksons-Farm-star-Kaleb-Cooper-applies-council-permission-stay-caravan-plot.html","2023-07-01"
"DR MICHAEL MOSLEY: This is why men should ditch those tight underpants","https://www.dailymail.co.uk/health/article-12252623/DR-MICHAEL-MOSLEY-Men-ditch-tight-underpants-male-fertility-birth-rates-plummet.html","2023-07-01"
"Do ghosts really exist? 5 possible scientific explanations for paranormal activity REVEALED - from sleep paralysis to exploding head syndrome","https://www.dailymail.co.uk/sciencetech/article-12238665/Do-ghosts-really-exist-5-possible-scientific-explanations-paranormal-activity-REVEALED.html","2023-07-01"
"The Hollywood icons that never were: From Tom Selleck as Indiana Jones, Nicolas Cage as Superman, Sam Neil as 007 and Eric Stoltz as Marty McFly... the stars who quit or were canned before playing iconic Hollywood roles","https://www.dailymail.co.uk/usshowbiz/article-12243143/Screen-icons-never-Tom-Selleck-Indiana-Jones-Nick-Cage-Superman-Sam-Neil-007.html","2023-07-01"
"As ITV sign Graham Norton for Wheel Of Fortune reboot, a look at TV shows which have been reprised from Who Wants To Be A Millionaire? to Sex And The City","https://www.dailymail.co.uk/tvshowbiz/article-12250775/As-ITV-sign-Graham-Norton-Wheel-Fortune-reboot-look-TV-shows-reprised.html","2023-07-01"
"The Duke of Sussex wants £570,000 payout over hacking claims","https://www.dailymail.co.uk/news/article-12253051/The-Duke-Sussex-wants-570-000-payout-hack-claims.html","2023-07-01"
"Prince Edward and Sophie were the 'forerunners of trying to balance royal duties with money-making careers' ahead of Sussexes - until late Queen paid them £250,000 to quit jobs, new documentary reveals","https://www.dailymail.co.uk/femail/article-12253871/Late-Queen-paid-Prince-Edward-Sophie-250-000-quit-jobs-new-documentary-says.html","2023-07-01"
"Sprechen sie royal? Princess Anne with impressed with a speech in German, but she's not the only member of her family who can speak another language","https://www.dailymail.co.uk/femail/article-12242879/FEMAIL-reveals-royals-speak-languages.html","2023-07-01"
"Just call her 'Royal Spice': From dressing up as Queen Elizabeth I to flirting with Charles (and a toe-curling message to the late Queen), how Geri Horner can't resist the pull of the regal","https://www.dailymail.co.uk/femail/article-12203537/Just-call-Royal-Spice-Geri-Horner-resist-pull-regal.html","2023-07-01"
"The day that marked the largest gathering of royals in London since the Queen's 1946 wedding... We look back at the wedding of Crown Prince Pavlos and Crown Princess Marie-Chantal of Greece on their 28th anniversary","https://www.dailymail.co.uk/femail/article-12142959/The-spectacular-8million-wedding-Crown-Prince-Pavlos-Crown-Princess-Marie-Chantal-Greece.html","2023-07-01"
"Looking oar-some! Rowing fans put on a stylish display in colourful dresses and classic blazers as day five of the Henley Royal Regatta gets underway","https://www.dailymail.co.uk/femail/fashion/article-12253777/Rowing-fans-stylish-display-day-five-Henley-Royal-Regatta-gets-underway.html","2023-07-01"
"Regretting the regatta? Henley revellers make the most of the Pimm's at famous rowing festival (but some look worse for wear)","https://www.dailymail.co.uk/news/article-12253719/Henley-revellers-look-worse-wear-enjoying-final-day-regatta.html","2023-07-01"
"I was once the next big thing at Chelsea - now I'm a CBD millionaire instead","https://www.dailymail.co.uk/sport/football/article-12239005/I-big-thing-Chelsea-Im-CBD-millionaire-instead.html","2023-07-01"
"Why BBQ when you can Aga-Q? It costs £4,000 and looks like a giant frying pan... So can the shiny new gadget from the middle classes' favourite oven brand turn you into a garden gourmet?","https://www.dailymail.co.uk/femail/article-12253155/Why-BBQ-Aga-Q-costs-4-000-looks-like-giant-frying-pan.html","2023-07-01"
"Meet the water boss whose pay has soared 700% while his workers' has risen by just 9%","https://www.dailymail.co.uk/news/article-12253177/Meet-water-boss-pay-soared-Firms-like-accused-profits-pumping-sewage-rivers.html","2023-07-01"
"Sweet moment man's wedding ring that went missing during a Tough Mudder race is found in just minutes thanks to ten metal detectorists","https://www.dailymail.co.uk/femail/article-12253813/Mans-wedding-ring-just-minutes-thanks-ten-metal-detectorists.html","2023-07-01"
"PLATELL'S PEOPLE: Police should never have invaded the private life of Nicola Bulley","https://www.dailymail.co.uk/debate/article-12253077/PLATELLS-PEOPLE-Police-never-invaded-private-life-Nicola-Bulley.html","2023-07-01"
"Revealed: The jobs that will survive the AI revolution tipped to cull 300million posts across the globe - and which ones will pay the best","https://www.dailymail.co.uk/news/article-12252161/The-jobs-survive-AI-revolution-tipped-cull-300million-posts-globe.html","2023-07-01"
"BEL MOONEY: Should I cut ties with my alcoholic mother?","https://www.dailymail.co.uk/femail/article-12252169/BEL-MOONEY-cut-ties-alcoholic-mother.html","2023-07-01"
"Feel like you're being watched? Bizarre symptom that doctors say is a sign of PARKINSONS","https://www.dailymail.co.uk/health/article-12252565/Feel-like-youre-watched-bizarre-Parkinsons-symptom-doctors-overlook.html","2023-07-01"
"Woman shares 'small steps' she took to lose 100 POUNDS in just one year without ever going to the gym or counting calories","https://www.dailymail.co.uk/femail/article-12244353/I-lost-100-POUNDS-just-year-without-going-gym-counting-calories-heres-how.html","2023-07-01"
"California woman, 90, finally finds out what happened to her childhood sweetheart US Air Force commander husband 54 YEARS after he vanished while flying bombing mission in Vietnam","https://www.dailymail.co.uk/news/article-12240059/California-woman-husband-vanished-Vietnam-1969-finally-discovers-happened-him.html","2023-07-01"
"The technology behind the tennis: Behind the scenes at Wimbledon where futuristic systems power the tournament - including AI commentary and Hawk-Eye","https://www.dailymail.co.uk/sciencetech/article-12250647/The-technology-tennis-scenes-Wimbledon-2023.html","2023-07-01"
"Celebrity chef who banned vegans from his restaurant clashes with notorious animal activist after she gatecrashes his establishment","https://www.dailymail.co.uk/news/article-12253563/Fyre-restaurant-chef-John-Mountain-clashes-vegan-activist-Tash-Peterson-fiery-protest.html","2023-07-01"
"I ignored the painless lump on my hand for 12 years thinking it was nothing. Eventually doctors told me it was a rare form of cancer with one devastating way to treat it","https://www.dailymail.co.uk/news/article-12253391/Gold-Coast-mother-Rosie-Fisher-forced-fingers-amputated-lump-hand.html","2023-07-01"
"Inside the world of Australia's hitmen: How much clients pay underworld figures to do their dirty work - and how foreign Triads and 'Lebanese soldiers' are driving down the price of murder","https://www.dailymail.co.uk/news/article-12241425/Hitmen-took-cocaine-kingpin-Bondi-Junction-reportedly-getting-paid-little-X.html","2023-07-01"
"Cities of the dead: Eye-opening new book tours 'the world's most beautiful cemeteries', from Glasgow to Georgia and the coast of Australia","https://www.dailymail.co.uk/travel/article-12237437/Cities-dead-New-book-tours-worlds-beautiful-cemeteries-Glasgow-Georgia.html","2023-07-01"
"What does the appalling story of husband who drugged wife's suppers so she could be raped by 51 strangers reveal about France's attitude to morality and sex? DAVID JONES investigates attacks that shocked the world","https://www.dailymail.co.uk/news/article-12251667/What-story-man-drugged-wifes-suppers-raped-strangers-reveals.html","2023-07-01"
"EDEN CONFIDENTIAL: New York £35,000-a-year princes' prep that was modelled on Harry and William's school fails to win over The Big Apple","https://www.dailymail.co.uk/tvshowbiz/article-12252447/EDEN-CONFIDENTIAL-Princes-prep-modelled-Harry-Williams-school.html","2023-07-01"
"Meet the 20-year-old world number one heart-throb set for Wimbledon glory... And don't worry, he's SINGLE!","https://www.dailymail.co.uk/sport/tennis/article-12252785/The-20-year-old-world-number-one-heart-throb-set-Wimbledon-glory-dont-worry-hes-SINGLE.html","2023-07-01"
"Fresh fears about the gagging of the media arise as an 'internationally known, high public profile' man wins a High Court bid for anonymity amid BBC news investigation into sexual misconduct allegations","https://www.dailymail.co.uk/news/article-12253145/High-public-profile-man-wins-High-Court-bid-anonymity-ahead-BBC-broadcast.html","2023-07-01"
"Emily Atack moved to tears as she learns her great-great-grandfather took his own life after fellow miner was 'crushed' in horrific accident","https://www.dailymail.co.uk/tvshowbiz/article-12253117/Emily-Atack-cries-great-great-grandfather-took-life.html","2023-07-01"
"Russian forces evacuate Zaporizhzhia nuclear plant amid fears Putin's troops are preparing to 'sabotage' it, Ukraine intelligence chief warns - as Moscow brands claim 'pure lies'","https://www.dailymail.co.uk/news/article-12253165/Russian-forces-evacuate-Zaporizhzhia-nuclear-plant-amid-fears-sabotage.html","2023-07-01"
"Ukraine moves soldiers north to protect its border from a possible invasion by mercenary Wagner troops","https://www.dailymail.co.uk/news/article-12252935/Ukraine-moves-soldiers-north-protect-border-possible-invasion-Wagner-troops.html","2023-07-01"
"Matt Damon shows off his muscular biceps while sunbathing poolside with his bikini-clad wife Luciana Barroso while vacationing with Chris and Liam Hemsworth in Mykonos","https://www.dailymail.co.uk/tvshowbiz/article-12252669/Matt-Damon-goes-shirtless-sunbathing-poolside-bikini-clad-wife-Mykonos.html","2023-07-01"
"Man who removed another's testicle as part of an extreme fetish group that live-streamed castrations on 'eunuch maker' website is convicted of GBH","https://www.dailymail.co.uk/news/article-12252435/Man-removed-anothers-testicle-extreme-fetish-group-convicted-GBH.html","2023-07-01"
"How to spot the signs your dog has got DEMENTIA","https://www.dailymail.co.uk/sciencetech/article-12252627/How-spot-signs-dementia-dog.html","2023-07-01"
"Stunned scientists find 100-year-old Royal Navy submarine buried under town park - confirming local urban legend that has been gossiped about for decades","https://www.dailymail.co.uk/sciencetech/article-12251253/Stunned-scientists-100-year-old-Royal-Navy-submarine-buried-town-park.html","2023-07-01"
"Many women dream of larger breasts... But the experts say a bigger bust is NOT the key to happiness","https://www.dailymail.co.uk/sciencetech/article-12252961/Many-women-dream-larger-breasts-experts-say-bigger-bust-NOT-key-happiness.html","2023-07-01"
"'They're a financial house - they're not there to do social engineering': Vicar accuses Yorkshire Building Society of 'bullying' for closing his account over his trans protest - after Nigel Farage said he was among their customers also kicked out","https://www.dailymail.co.uk/news/article-12253081/Vicar-accuses-Yorkshire-Building-Society-bullying-closing-account-trans-protest.html","2023-07-01"
"Council is ordered to halt 4-day week 'immediately': Minister pens fiery letter to demand value for taxpayers","https://www.dailymail.co.uk/news/article-12253049/Council-ordered-halt-4-day-week-immediately-minister-pens-fiery-letter.html","2023-07-01"
"Pervert Las Vegas boy, 17, SMIRKS as he's sentenced to up to 40 years in jail for violent attack on teacher which saw him rape and strangle her before slashing victim's wrists","https://www.dailymail.co.uk/news/article-12251325/Las-Vegas-teenager-sentenced-16-years-jail-violent-attack-teacher.html","2023-07-01"
"Now find her killer: Nieces of 'loving' aunt who was finally identified 45 years after her decaying remains were found stuffed in a garment bag on the roadside urge cops to find culprit as they admit boyfriend is prime suspect","https://www.dailymail.co.uk/news/article-12224353/Nieces-loving-aunt-remains-identified-45-years-urge-cops-killer.html","2023-07-01"
"Tears for the Titan: Sub rescue crew leader breaks down as he recalls the moment they found debris on the sea floor and confirms an underwater vehicle was lost in the desperate search for the doomed vessel after it imploded killing five onboard","https://www.dailymail.co.uk/news/article-12252049/Titan-sub-rescue-crew-leader-breaks-reveals-moment-debris.html","2023-07-01"
"Delighted teenager is taken to prom by the police after a last-minute issue with her planned transport","https://www.dailymail.co.uk/femail/article-12253765/Teenager-taken-prom-police-minute-issue-planned-transport.html","2023-07-01"
"Miss England organisers 'bow to the woke brigade' by scrapping the pageant's controversial bikini round","https://www.dailymail.co.uk/news/article-12252925/Miss-England-organisers-bow-woke-brigade-scrapping-bikini-round.html","2023-07-01"
"Stag party who snatched Just Stop Oil banner while chanting 'we love you oil, we do' during eco-morons' London demo arrive in Ibiza hours later - and will take their prized possession clubbing with them (...it might make the wedding photos too!)","https://www.dailymail.co.uk/news/article-12252001/Stag-party-crashed-Just-Stop-Oil-protest-taken-banner-Ibiza.html","2023-07-01"
"Men deny murdering council worker in her Liverpool back garden when gunman burst into her house and gunned her down in botched hit job","https://www.dailymail.co.uk/news/article-12252073/Men-deny-murdering-council-worker-Liverpool-garden.html","2023-07-01"
"Britain could be home to the world's first 'green', hydrogen-powered crematorium as early as next year","https://www.dailymail.co.uk/sciencetech/article-12253099/Britain-home-worlds-green-hydrogen-powered-crematorium.html","2023-07-01"
"Woman, 20, reveals she spent £22,000 on a nose job and a Brazilian butt lift - but trolls say she looks worse","https://www.dailymail.co.uk/femail/article-12253673/I-spent-22-000-nose-job-Brazilian-butt-lift-trolls-say-look-worse.html","2023-07-01"
"From Rihanna's shock Super Bowl reveal to Beyonce's lavish lingerie shoot... the most outlandish celebrity pregnancy reveals","https://www.dailymail.co.uk/tvshowbiz/article-12219139/Epic-celebrity-baby-reveals-Kourtney-Kardashian-Travis-Barker-pregnancy-announcement.html","2023-07-01"
"Flight chaos as three passengers are rushed to hospital after plane is hit by 'severe turbulence'","https://www.dailymail.co.uk/news/article-12253279/Hawaiian-Airlines-flight-Sydney-Three-passengers-hospitalised-severe-turbulence.html","2023-07-01"
"All hail the queen! Rihanna brags about being the FIRST female artist to have ten songs with one BILLION Spotify streams - despite not having released a new album in SEVEN years","https://www.dailymail.co.uk/tvshowbiz/article-12252801/Rihanna-female-artist-ten-songs-one-BILLION-Spotify-streams.html","2023-07-01"
"Say A.I. do! American couple uses ChatGPT to officiate their WEDDING because robot is 'easier and cheaper' than a real person","https://www.dailymail.co.uk/femail/article-12252055/Colorado-couple-uses-AI-powered-robot-ChatGPT-officiate-wedding.html","2023-07-01"
"More than 200 dead dolphins and sea lions have washed up on California beaches amid toxic algal bloom crisis - with beachgoers making 60 reports of marine animals in distress every HOUR","https://www.dailymail.co.uk/news/article-12253479/More-200-dead-dolphins-sea-lions-washed-California-beaches-amid-toxic-algal-bloom.html","2023-07-01"
"Disturbing moment elderly woman is stung by HUNDREDS of bees outside her home and staggers to her car before falling to the ground: 'They were relentless'","https://www.dailymail.co.uk/news/article-12251853/Elderly-woman-stung-HUNDREDS-bees-outside-home-falling-ground.html","2023-07-01"
"Mother says her son, 13, was banned from wearing shorts in school during the heatwave - but was told a skirt is fine","https://www.dailymail.co.uk/femail/parenting/article-12251379/My-son-banned-wearing-shorts-school-heatwave-told-skirt-fine.html","2023-07-01"
"Hot mama! Gisele Bundchen, 42, displays her supermodel frame and pert posterior as she shows off her surfing skills while holidaying in Costa Rica with her children","https://www.dailymail.co.uk/tvshowbiz/article-12252343/Gisele-Bundchen-wows-skimpy-bikini-shows-surfing-skills.html","2023-07-01"